,Liczba pokoi,Cena,Cena za m2
0,3,320.0,4050.63
6,3,380.0,5946.79
11,3,252.0,5250.0
12,5,950.0,5889.65
13,3,299.0,5137.46
14,4,579.0,5169.64
16,4,375.0,5067.57
17,5,289.0,2896.95
18,3,309.0,4753.85
25,3,295.068,5965.79
28,3,320.0,5339.56
31,3,499.0,5544.44
33,4,300.0,4285.71
39,3,290.0,5370.37
43,3,345.0,4107.14
44,4,449.0,4157.41
45,3,420.0,5630.03
47,3,329.0,5612.42
48,3,355.0,5546.88
56,3,226.0,5022.22
57,3,600.0,5660.38
59,3,319.024,5876.29
60,4,569.0,5035.4
63,3,329.0,4700.0
71,3,370.496,5600.0
73,3,339.0,5844.83
79,3,329.0,4700.0
80,3,245.0,5072.46
81,3,319.0,4796.99
82,3,273.0,3455.7
84,3,364.0,5600.0
93,5,690.0,5000.0
104,3,275.0,5188.68
115,3,397.0,4362.64
116,4,450.0,3629.03
119,3,359.0,6189.66
120,3,276.36400000000003,5710.0
124,3,333.06,6100.0
127,4,381.457,5510.0
136,3,340.0,5230.77
143,3,355.0,4493.67
147,4,385.0,4277.78
150,4,279.0,4359.38
154,3,322.558,5710.0
157,3,339.0,4643.84
158,3,353.88199999999995,5900.0
160,4,465.0,5166.67
171,3,289.0,4616.61
174,3,326.073,6150.0
175,4,259.0,3888.89
176,4,375.0,3947.37
178,3,415.0,5431.94
187,6,1140.0,5906.74
192,3,276.0,5207.55
196,5,450.0,3461.54
197,3,245.0,5104.17
198,5,900.0,5832.79
202,3,409.0,3728.35
204,4,599.0,4074.83
208,3,363.13300000000004,6100.0
210,3,245.7,4200.0
213,3,308.066,6050.0
214,3,323.357,5737.35
215,3,385.0,4020.05
217,4,469.0,5097.83
219,3,400.0,5797.1
220,3,370.0,5138.89
223,4,334.57300000000004,4587.59
224,3,289.0,4358.97
229,3,409.0,4397.85
230,3,299.0,5059.22
234,3,309.0,5237.29
235,3,315.0,3987.34
245,3,615.0,5970.87
251,3,310.0,4843.75
253,4,324.9,4390.54
255,3,328.842,5749.99
257,3,360.0,3287.67
259,3,311.76599999999996,5710.0
261,3,320.0,4210.53
268,5,420.0,4615.38
270,3,265.0,5638.3
280,4,299.0,4052.59
284,4,355.0,4797.3
286,3,298.0,4656.25
289,5,690.0,5000.0
291,3,263.0,5977.27
295,4,350.0,4619.85
298,3,210.0,4285.71
299,3,344.0,5548.39
301,4,340.0,4802.26
303,3,209.0,4860.47
304,3,365.0,5530.3
305,4,399.0,4680.35
307,3,274.0,3558.44
310,3,265.0,5638.3
316,3,324.0,4764.71
317,3,275.0,4296.88
318,3,335.0,4718.31
320,3,230.0,5424.53
322,3,310.0,4769.23
323,3,325.0,5327.87
325,3,249.99900000000002,4629.61
326,3,279.0,4359.38
327,3,438.691,5667.84
328,3,340.0,5230.77
331,4,399.0,4639.53
332,4,329.999,4402.33
333,3,300.0,4087.19
334,4,390.0,3000.0
335,3,219.99900000000002,4680.83
339,3,379.0,5121.62
350,3,309.0,4446.04
352,3,285.0,5937.5
353,3,350.0,5468.75
355,3,349.566,5710.0
357,3,318.0,4746.27
361,3,320.0,5161.29
366,3,456.19199999999995,5940.0
369,3,289.0,5351.85
371,3,285.0,4453.12
372,3,285.0,6063.83
376,3,329.0,4700.0
377,3,296.56,5965.8
382,3,275.0,5851.06
383,3,402.0,6000.0
386,4,625.0,5208.33
387,3,259.0,4841.12
388,3,374.775,5700.0
392,3,299.0,5802.45
393,4,259.0,3463.49
397,3,436.51800000000003,6088.97
398,3,290.0,4531.25
400,3,402.0,6000.0
401,3,329.0,4910.45
409,3,340.0,5666.67
414,3,279.0,5936.17
417,4,385.0,4277.78
420,3,348.406,5800.0
422,3,390.0,5963.3
424,3,380.0,4162.1
425,3,357.18,6000.0
426,3,324.0,4628.57
429,4,315.0,4279.89
430,3,320.0,4571.43
432,3,299.0,5641.51
433,3,275.0,4296.88
434,3,459.0,6202.7
436,4,465.0,6000.77
438,5,450.0,4891.3
441,4,390.2,5659.99
448,3,335.029,5610.0
450,3,311.92,5600.0
453,3,320.0,5161.29
454,3,320.0,5161.29
458,3,330.055,5500.0
462,3,325.0,5078.12
463,3,395.0,5197.37
475,3,335.0,5677.97
476,4,325.0,4642.86
478,3,280.29900000000004,5960.0
480,4,590.0,3933.33
481,3,279.0,3576.92
486,3,289.0,6148.94
493,3,315.0,5338.98
494,3,255.0,5312.5
495,3,278.0,4633.33
496,4,355.0,4797.3
498,4,450.0,4398.83
499,3,349.99,4380.35
500,3,364.981,5103.2
501,4,349.0,5369.23
502,3,279.0,6200.0
505,4,665.26,6200.0
508,3,419.0,5338.94
509,3,320.0,4945.9
510,4,390.0,2997.69
515,3,265.0,3955.22
519,3,285.0,3856.56
520,3,359.0,5279.41
527,3,376.23199999999997,5623.8
529,3,374.906,5587.27
531,4,435.0,4692.56
532,3,299.0,4822.58
533,3,210.0,3888.89
534,3,330.0,3877.79
535,4,330.0,4429.53
537,3,310.0,5344.83
541,3,320.698,5924.59
544,3,318.0,5071.77
545,3,275.397,6150.0
546,3,450.6,6080.15
551,4,450.165,5800.35
553,3,319.0,3775.15
554,3,328.0,5857.14
557,4,320.0,3076.92
565,4,317.0,4876.92
569,3,399.0,5391.89
572,3,314.029,5560.0
580,3,309.0,4753.85
581,3,320.0,6027.5
586,3,321.53,5710.0
588,4,597.5930000000001,5722.97
589,3,387.0,4690.91
595,3,398.0,6057.84
606,3,275.0,4741.38
610,4,285.0,3904.11
613,3,390.0,6000.0
615,3,289.0,5207.21
617,3,300.685,6050.0
619,3,320.0,4102.56
623,5,499.0,4123.97
629,3,285.0,5327.1
630,3,399.0,6186.05
631,4,368.0,5575.76
633,4,349.0,4915.49
637,3,315.0,4992.08
639,3,240.0,3815.58
641,3,315.0,6176.47
642,5,369.0,3526.71
645,4,329.0,4588.56
646,3,295.0,4609.38
651,3,349.0,6122.81
653,4,420.0,3921.57
655,3,288.0,3840.0
660,3,245.0,5104.17
666,3,310.0,3875.0
668,3,370.0,5477.42
672,3,360.0,6206.9
678,4,338.921,6050.0
679,4,790.0,6076.92
682,3,299.0,5059.22
689,3,345.0,4866.01
691,3,380.0,5135.14
694,3,288.44599999999997,5965.79
695,3,260.0,4642.86
696,3,330.0,4654.44
698,3,335.59,5610.0
702,3,263.0,5923.42
703,5,650.0,4082.91
706,3,289.0,6020.83
707,3,310.0,3904.28
714,3,345.0,4662.16
715,3,355.0,4437.5
717,3,385.0,6209.68
720,3,294.0,5764.71
721,3,337.0,5590.58
726,3,295.0,4609.38
729,3,390.0,4382.02
730,3,315.0,4921.88
731,3,299.0,4241.13
732,3,266.0,5541.67
734,3,278.0,4680.13
736,5,328.0,4539.16
738,3,362.6,5578.46
741,3,344.0,5548.39
747,3,374.0,5582.09
750,5,495.0,3300.0
751,3,340.0,4303.8
753,3,359.0,6189.66
756,4,497.0,3913.39
757,3,340.0,5230.77
759,3,394.67400000000004,5867.01
761,3,259.0,5510.64
763,3,325.0,5327.87
767,3,285.0,5937.5
768,3,349.0,5816.67
772,3,390.0,4659.5
773,3,408.45599999999996,6200.0
776,3,340.0,5762.71
780,3,299.0,5067.8
789,4,825.0,5574.32
791,3,320.0,5161.29
794,4,409.5,5250.0
795,3,279.0,5812.5
802,3,335.714,5499.0
809,4,435.0,5576.92
810,4,511.017,6019.75
814,4,599.0,5546.3
817,3,481.0,5992.28
819,4,619.0,5627.27
820,4,410.0,4141.41
823,3,290.0,5370.37
824,3,320.0,5245.9
826,4,663.0,5815.79
827,3,292.04,5960.0
829,4,365.0,5119.21
835,3,353.941,5900.0
838,3,423.523,6100.0
844,3,280.0,5833.33
847,4,499.0,4990.0
848,4,419.0,4060.08
851,4,493.116,5844.68
856,3,450.0,4411.76
859,5,530.0,5888.89
862,3,342.0,4071.43
866,3,275.0,5851.06
868,3,314.782,6050.01
873,4,419.0,5048.19
874,3,320.0,4145.08
877,4,350.0,3446.58
880,3,450.0,5976.1
883,3,349.0,4780.82
884,4,310.0,4843.75
887,5,575.0,5469.94
888,4,369.0,3967.74
889,3,412.564,5902.2
891,4,604.706,5848.79
894,3,330.0,5045.87
896,4,320.0,4266.67
898,3,326.76099999999997,6050.01
899,3,309.0,4465.32
902,4,420.0,4285.71
905,4,385.0,3923.37
908,3,349.82800000000003,6102.01
913,3,335.0,5368.59
921,6,790.0,6109.82
922,3,349.0,5453.12
925,4,499.999,5263.15
928,3,345.0,5750.0
929,3,295.0,3933.33
931,3,365.284,5800.0
936,4,420.0,4697.99
938,6,1140.0,5925.16
939,3,312.967,6050.01
940,3,324.668,5924.6
942,4,319.0,5063.49
943,4,350.0,4748.98
945,3,417.0,4483.87
946,3,345.0,5847.46
948,3,649.0,5981.57
949,3,359.885,5760.0
952,4,555.0,5704.01
954,3,305.0,3563.08
955,4,350.0,4375.0
958,3,320.0,3989.53
965,3,275.0,5188.68
967,3,285.0,5377.36
970,5,0.001,0.01
971,3,299.233,6050.0
972,4,690.0,5307.69
973,4,350.0,3446.58
974,3,389.0,5893.94
975,3,265.0,4416.67
977,4,455.0,5129.65
980,3,289.0,5351.85
986,3,265.0,5520.83
997,3,439.9,5865.33
999,4,599.0,5546.3
1002,5,429.0,3272.31
1005,4,320.0,5245.9
1006,3,520.0,5730.03
1008,4,357.37199999999996,5659.99
1010,3,344.101,6100.0
1016,3,320.0,4102.56
1019,3,250.0,4629.63
1021,3,339.0,4643.84
1023,3,359.0,5279.41
1026,3,290.0,3815.79
1030,3,281.632,5860.01
1031,4,392.0,3920.0
1043,3,404.644,5734.75
1045,4,488.0,5136.84
1047,3,333.994,6200.0
1048,4,630.0,5811.81
1052,3,298.0,4656.25
1053,3,299.0,4784.0
1054,3,335.0,4745.04
1058,3,423.42,6184.02
1062,3,330.0,5000.0
1070,3,438.82199999999995,5691.6
1071,3,275.0,5288.46
1072,4,365.0,4932.43
1073,3,279.875,6250.0
1076,3,314.782,6050.01
1079,3,360.0,5806.45
1080,3,330.0,5263.16
1082,3,450.0,4403.13
1085,3,265.0,2523.81
1087,3,290.0,4625.2
1089,3,309.0,4928.23
1091,3,199.0,3086.71
1097,4,309.9,4998.39
1101,3,490.0,4260.87
1105,3,288.44599999999997,5965.79
1109,3,200.0,3333.33
1113,3,269.0,5037.45
1116,3,264.0,5581.4
1117,3,310.0,5254.24
1121,4,459.0,4781.25
1122,3,319.0,5596.49
1132,3,279.0,5861.34
1133,3,339.0,5557.38
1138,3,320.0,4923.08
1143,3,315.0,5000.0
1145,3,296.7,5298.21
1146,5,750.0,5716.46
1149,3,278.0,4633.33
1153,4,405.0,5159.24
1155,4,305.0,4357.14
1163,3,264.0,5617.02
1164,3,319.9,4101.28
1166,3,289.0,4982.76
1167,3,329.0,4386.67
1171,5,534.42,6000.0
1173,3,419.0,4655.56
1177,4,465.0,5946.29
1180,3,340.0,5074.63
1183,3,400.0,5797.1
1184,4,399.9,4039.39
1189,3,384.395,5994.0
1191,3,312.0,4800.0
1194,3,578.0,5526.34
1198,3,270.0,5869.57
1199,3,408.45599999999996,6200.0
1201,3,334.92800000000005,6050.0
1202,3,265.0,3732.39
1203,3,279.0,4982.14
1219,3,290.0,6144.07
1222,3,225.0,5113.64
1228,4,320.0,4266.67
1229,3,440.0,5804.75
1230,3,279.0,3576.92
1233,3,344.0,5548.39
1239,3,260.0,4642.86
1240,3,325.0,5134.28
1241,3,399.0,5399.19
1242,3,285.0,4298.64
1243,4,335.01099999999997,4593.6
1245,4,289.0,3905.41
1247,3,349.74199999999996,6200.0
1251,3,283.0,4421.88
1253,3,295.0,4557.39
1255,3,349.18800000000005,6250.01
1258,5,475.0,4318.18
1259,5,351.0,4153.85
1261,4,338.921,6050.0
1263,5,697.6,6199.24
1265,3,288.89099999999996,3698.99
1269,3,299.0,4708.66
1272,4,409.0,3752.29
1274,3,345.0,5750.0
1276,3,285.0,5089.29
1277,3,330.0,5030.49
1278,3,280.0,5833.33
1279,3,420.0,5060.24
1281,3,349.74199999999996,6200.0
1292,3,335.606,6200.0
1293,3,352.691,5924.59
1294,3,429.458,5507.99
1296,6,280.0,3456.79
1297,4,329.0,5576.27
1300,3,270.0,4199.07
1307,3,354.0,4849.32
1309,4,330.0,5084.75
1310,4,217.7,2980.97
1311,3,335.0,4745.04
1316,3,360.0,3287.67
1317,3,268.0,5469.39
1318,3,320.0,5000.0
1319,4,450.0,5056.18
1320,4,349.0,5369.23
1321,3,335.606,6200.0
1323,3,316.994,5810.01
1326,3,350.0,4530.74
1327,3,289.0,5452.83
1328,4,359.9,5453.03
1329,4,330.0,3882.35
1330,4,499.0,4415.93
1334,3,329.0,4386.67
1337,3,390.0,4761.9
1338,4,525.0,5675.68
1342,3,270.0,4655.17
1344,3,340.464,6150.0
1345,4,497.58,6000.0
1346,4,331.0,4701.7
1349,4,426.93199999999996,6200.0
1350,4,345.0,4058.82
1353,4,338.921,6050.0
1354,3,300.0,4665.63
1355,3,354.413,5900.0
1357,3,268.5,5066.04
1359,4,335.0,5234.38
1360,4,279.0,4298.92
1361,3,311.36,5600.0
1365,3,429.0,5797.3
1368,3,275.397,6150.0
1370,3,289.0,6020.83
1372,3,299.0,5230.02
1379,4,370.0,5020.35
1381,3,245.0,4711.54
1382,3,339.0,5844.83
1383,3,356.019,6209.99
1384,3,285.0,5377.36
1385,4,399.9,3999.0
1389,3,338.0,4630.14
1390,3,320.77099999999996,6050.0
1391,3,399.0,5884.96
1392,3,264.0,3718.31
1393,5,520.0,3793.96
1394,3,281.865,5700.0
1395,3,333.0,5203.12
1400,3,245.0,5072.46
1404,3,399.0,4639.53
1406,4,403.97900000000004,5738.34
1407,4,484.13199999999995,6210.01
1409,3,310.401,5965.81
1411,3,275.0,5188.68
1412,3,418.0,5358.97
1417,3,279.0,6131.87
1420,3,330.0,5789.47
1421,3,439.0,5701.3
1423,3,1100.0,4280.16
1425,3,346.5,5250.0
1426,3,410.0,4880.95
1431,3,465.0,5812.5
1436,4,499.0,4455.36
1440,4,365.0,5119.21
1443,3,433.851,6089.14
1447,3,259.0,4886.79
1448,3,390.0,5131.58
1450,3,239.0,4526.52
1451,3,410.0,4533.89
1452,4,419.0,5237.5
1455,4,473.333,5777.99
1456,3,312.442,6100.0
1457,3,305.0,4692.31
1458,3,260.0,4333.33
1459,4,444.0,4268.0
1461,3,530.0,5486.54
1463,3,210.0,3716.81
1464,3,300.0,4285.71
1466,4,400.0,4000.0
1470,3,295.0,4557.39
1473,3,351.0,5661.29
1475,3,399.0,4987.5
1477,3,414.0,5594.59
1478,3,430.0,4971.1
1480,3,334.06800000000004,6150.0
1484,3,265.0,5018.94
1485,3,360.42,6000.0
1488,3,210.0,3888.89
1491,3,308.611,5965.8
1493,3,299.0,5329.77
1496,3,269.0,4803.57
1500,3,207.0,2995.66
1501,3,439.0,5948.51
1502,3,250.0,5102.04
1507,3,295.0,4469.7
1510,3,339.0,5296.88
1512,3,200.0,3333.33
1513,3,648.0,6230.77
1514,4,350.0,4729.73
1515,3,344.0,5504.0
1517,4,513.5,5705.56
1518,3,408.45599999999996,6200.0
1523,4,599.0,4572.52
1526,3,235.0,3488.72
1528,4,350.0,5468.75
1531,3,320.0,5161.29
1533,3,405.769,5868.8
1552,3,359.0,4378.05
1554,4,310.0,4138.85
1557,4,460.0,5750.0
1558,3,356.014,5660.0
1561,3,369.0,5765.62
1567,3,229.0,6026.32
1568,4,525.0,5675.68
1575,3,299.0,5067.8
1577,4,370.0,5000.0
1580,3,405.0,5150.71
1583,4,419.0,5237.5
1585,3,560.0,5333.33
1588,3,279.0,4359.38
1593,3,299.0,5067.8
1595,3,267.0,5393.94
1597,3,265.0,4226.48
1601,4,390.0,3000.0
1602,3,290.0,6170.21
1614,4,450.0,3671.97
1621,3,275.0,5851.06
1627,4,334.724,4589.66
1631,4,450.0,3461.54
1634,3,329.0,4693.3
1635,3,363.13300000000004,6100.0
1638,4,652.6,6199.3
1646,3,310.0,5149.5
1647,3,300.0,4285.71
1653,3,425.0,3951.65
1655,3,278.0,4633.33
1657,3,335.0,4718.31
1658,3,335.0,5775.86
1663,3,329.27099999999996,6150.0
1667,3,317.819,5710.01
1669,3,345.0,5750.0
1670,4,777.0,5012.9
1672,5,429.0,4290.0
1675,4,340.0,4788.73
1681,3,350.0,4545.45
1686,3,274.0,3468.35
1691,3,354.6,6000.0
1692,3,289.0,5452.83
1696,3,299.73,4881.6
1702,3,380.0,3865.72
1703,4,334.769,4590.28
1704,3,245.0,5104.17
1705,3,329.27099999999996,6150.0
1710,3,268.5,5066.04
1711,4,474.725,5832.0
1712,3,410.0,6119.4
1718,3,233.0,4236.36
1722,3,410.0,4606.74
1723,3,338.0,4567.57
1724,4,350.0,4375.0
1725,3,299.0,5067.8
1728,4,338.921,6050.0
1732,3,299.0,4619.19
1735,3,348.36699999999996,5710.0
1736,3,284.0,5680.0
1737,4,210.0,2459.02
1742,3,305.0,5754.72
1743,3,298.0,4656.25
1744,3,364.0,4715.03
1745,3,300.0,5357.14
1746,3,298.0,6208.33
1751,3,345.0,4617.86
1754,4,396.272,5723.99
1759,3,299.0,4614.2
1762,3,309.0,4850.86
1764,4,350.0,4375.0
1765,3,318.0,4575.54
1768,4,420.0,4200.0
1780,3,316.0,5039.87
1783,4,825.0,5658.44
1784,4,340.0,4788.73
1788,3,290.0,4531.25
1789,4,360.0,4067.8
1796,3,350.0,6140.35
1800,3,264.0,5617.02
1802,3,299.0,5067.8
1804,3,346.0,5290.52
1805,5,550.0,4661.02
1810,3,374.999,5514.69
1812,3,459.0,5810.13
1819,3,335.0,5714.77
1820,3,345.0,4480.52
1821,3,385.0,4966.46
1822,3,308.611,5965.8
1825,3,328.61400000000003,5810.01
1831,3,340.0,5230.77
1838,3,353.88199999999995,5900.0
1841,3,284.0,4515.1
1850,3,256.0,4571.43
1852,3,377.0,5890.62
1855,4,299.0,3986.67
1856,3,279.0,4982.14
1858,3,329.0,5672.41
1860,4,715.0,5346.59
1862,4,345.0,4030.37
1867,3,310.0,4647.68
1868,3,260.0,4859.81
1870,4,455.0,5129.65
1872,3,332.162,6150.01
1875,3,427.086,5940.0
1876,4,345.0,4838.71
1881,3,415.0,4560.44
1883,4,339.0,4296.58
1886,4,331.0,4298.7
1888,3,450.0,6000.0
1895,3,395.0,5084.96
1896,3,265.0,4121.31
1900,3,319.0,4310.81
1901,4,810.352,5724.44
1902,3,328.63599999999997,6050.0
1903,3,299.0,3784.81
1904,4,319.0,4833.33
1905,3,299.233,6050.0
1906,4,259.0,3700.0
1910,3,268.0,5056.6
1911,3,290.0,5370.37
1913,3,275.0,5851.06
1914,3,245.0,5104.17
1918,3,235.0,5000.0
1924,3,320.0,5095.54
1926,3,286.83099999999996,6050.01
1931,3,320.0,5975.72
1935,4,429.0,3575.0
1940,3,342.2,5800.0
1941,3,229.0,4053.1
1942,3,259.0,4886.79
1943,3,320.0,4266.67
1944,3,260.0,4887.22
1946,5,375.0,3456.22
1948,3,380.0,5156.04
1949,3,465.0,4773.15
1952,3,330.0,5000.0
1956,3,305.0,5083.33
1962,4,247.7,3371.9
1968,5,579.0,4991.38
1974,3,310.0,4776.58
1980,3,349.0,5132.35
1981,3,280.0,4366.13
1983,4,448.80699999999996,5808.3
1988,4,330.0,4459.46
1998,4,350.0,3500.0
1999,4,391.276,5660.0
2001,3,345.0,4886.69
2002,3,285.0,6038.14
2012,3,338.694,5700.0
2014,4,449.0,4196.26
2015,3,195.7,3558.18
2020,3,368.0,5492.54
2021,4,295.0,4538.46
2022,4,289.0,3400.0
2023,3,340.0,5230.77
2024,3,335.0,4785.71
2026,3,305.0,4919.35
2028,4,499.0,5197.92
2032,3,399.0,4649.27
2036,3,364.935,5580.05
2039,3,330.0,4925.37
2042,3,326.76099999999997,6050.01
2044,3,275.397,6150.0
2045,4,280.0,2443.28
2046,4,462.26300000000003,5654.59
2048,4,490.58099999999996,5848.61
2049,3,260.0,5416.67
2051,3,849.0,6064.29
2053,6,890.0,6137.93
2057,3,216.0,4800.0
2064,4,435.0,5437.5
2065,4,369.101,5760.0
2067,3,349.0,5915.25
2068,3,308.066,6050.0
2070,3,355.0,4493.67
2076,3,354.48,6000.0
2079,4,513.5,5705.56
2082,3,360.0,5651.49
2083,3,385.0,4268.29
2087,6,750.0,4970.18
2091,3,301.452,5511.01
2093,4,325.0,4391.89
2106,4,300.0,4705.14
2108,3,399.0,5134.47
2110,3,310.0,4843.75
2113,3,260.0,4391.89
2116,3,325.07,5810.01
2119,3,290.0,5415.5
2120,4,420.0,4195.8
2122,3,340.439,5560.0
2123,3,409.401,5900.0
2125,4,329.0,4569.44
2131,3,344.0,5512.82
2132,3,299.0,2990.0
2133,3,399.0,5391.89
2134,3,270.0,5882.35
2135,4,455.0,5129.65
2136,4,530.0,5353.54
2137,3,260.0,5416.67
2142,4,558.0,6000.0
2144,4,359.0,4602.56
2146,3,482.5,5078.95
2148,3,450.0,5944.52
2150,4,474.725,5832.0
2154,3,279.0,4982.14
2155,3,274.0,4281.25
2159,4,328.0,4539.16
2160,3,260.0,4391.89
2166,3,325.983,5700.0
2170,3,398.0,4066.62
2171,4,400.0,4545.45
2172,3,385.0,5686.85
2179,3,279.875,6250.0
2180,3,320.0,4776.12
2183,3,353.395,6093.02
2189,4,450.0,3629.03
2192,4,425.0,5000.0
2199,3,295.21,4027.42
2203,3,350.0,5072.46
2205,3,329.0,4984.85
2208,3,288.488,5860.0
2209,3,298.0,4656.25
2210,3,298.0,3386.36
2212,4,499.0,4892.16
2214,3,364.0,5909.09
2216,3,310.0,4843.75
2219,3,265.0,5638.3
2226,3,397.0,4362.64
2229,3,298.0,4656.25
2232,4,396.97900000000004,5760.0
2234,5,690.0,5000.0
2241,3,365.0,4727.98
2242,3,290.0,5800.0
2248,4,365.0,5119.21
2249,3,289.0,3705.13
2250,3,259.0,3158.54
2251,3,360.0,4675.32
2252,4,360.0,4864.86
2255,3,310.0,4230.93
2257,3,319.985,6150.01
2259,3,210.0,3932.58
2265,3,409.0,4397.85
2268,3,307.0,4873.02
2269,3,259.0,4886.79
2274,3,360.0,4424.78
2275,3,315.0,6057.69
2278,3,400.991,5717.01
2279,3,225.0,4817.99
2281,4,380.0,4779.87
2284,3,217.921,3693.58
2288,6,600.0,4000.0
2291,3,272.0,5440.0
2294,3,267.0,5621.05
2295,4,340.0,4802.26
2297,3,215.0,3152.49
2299,4,305.0,4919.35
2300,3,390.0,4382.02
2302,3,380.93199999999996,5940.0
2303,3,285.0,4523.81
2311,4,315.0,3150.0
2314,3,307.0,4723.08
2315,3,280.0,5833.33
2319,5,530.0,6162.79
2321,4,715.0,5500.0
2323,3,303.779,5965.81
2324,3,325.0,5094.04
2326,3,364.935,5588.59
2329,4,340.0,4802.26
2331,3,610.0,5980.39
2340,5,760.0,5555.56
2344,3,383.14300000000003,5924.59
2348,3,225.0,3554.5
2350,3,265.0,5520.83
2354,3,331.816,5900.0
2358,3,245.0,5104.17
2359,3,345.62199999999996,5800.0
2360,3,310.0,4557.48
2363,3,290.0,6170.21
2366,4,407.1,5750.0
2367,3,350.954,6156.01
2375,3,369.0,4472.73
2377,3,308.066,6050.0
2378,3,324.214,5710.0
2382,3,345.0,4515.71
2383,3,370.0,5606.06
2386,3,328.60699999999997,6100.0
2391,3,380.0,5671.64
2395,3,339.0,5485.44
2399,4,350.0,5468.75
2401,3,319.68,6000.0
2404,3,330.0,4074.07
2408,3,329.0,4164.56
2409,3,295.0,4338.24
2410,3,280.0,5477.31
2415,3,310.673,6100.0
2416,3,340.0,5198.78
2420,5,690.0,5000.0
2423,3,400.0,6153.85
2427,4,340.0,4802.26
2429,3,299.0,5436.36
2431,3,265.0,3680.56
2433,3,276.873,6150.0
2436,3,269.0,5604.17
2439,3,263.0,5977.27
2440,3,286.5,5405.66
2443,3,325.0,5078.12
2444,4,375.0,4746.84
2445,4,523.0,5505.26
2447,3,245.0,5072.46
2450,3,320.0,5161.29
2453,3,320.0,5000.0
2454,3,307.0,4730.35
2462,3,424.098,6188.5
2464,3,340.0,5964.91
2466,3,368.0,5492.54
2468,3,275.0,5188.68
2473,3,390.0,5963.3
2476,3,170.85,3329.76
2478,3,313.585,5900.0
2482,4,343.171,5710.0
2491,3,229.0,6026.32
2495,3,275.397,6150.0
2506,3,310.0,4843.75
2509,3,298.0,4783.31
2513,3,362.34,4062.11
2515,3,278.0,5863.74
2518,3,234.0,3336.66
2519,3,290.58799999999997,6150.01
2520,3,295.546,5965.81
2522,3,397.0,4362.64
2524,4,528.18,6000.0
2525,3,394.48699999999997,6100.0
2530,3,395.0,5366.85
2531,4,349.0,4716.22
2536,3,305.0,4810.73
2539,3,459.0,4250.0
2540,3,326.76099999999997,6050.01
2544,4,464.0,5948.72
2546,3,371.0,4076.92
2557,3,299.0,4738.51
2558,3,363.785,5579.52
2560,3,363.13300000000004,6100.0
2563,4,491.82,6000.0
2564,3,360.0,6122.45
2568,3,282.839,5965.81
2573,4,319.0,5063.49
2574,3,359.0,5279.41
2579,3,296.56,5965.8
2595,4,1000.0,6024.1
2597,3,312.0,4394.37
2610,3,320.77,5810.0
2622,4,360.0,4864.86
2629,4,310.0,4177.9
2632,5,499.0,3944.66
2635,3,312.0,4875.0
2636,3,262.0,5000.0
2638,3,281.312,5960.0
2644,3,305.0,4066.67
2645,4,430.0,4122.72
2649,3,278.0,4633.33
2652,3,330.0,5500.0
2655,3,380.0,5937.5
2657,3,344.0,5504.0
2658,3,329.0,4386.67
2659,3,350.0,3804.35
2660,3,264.0,3718.31
2672,5,319.5,5071.43
2676,4,650.0,4082.91
2681,3,350.0,5327.25
2684,3,315.0,4921.88
2687,3,300.0,4087.19
2690,4,435.0,3680.2
2691,5,776.205,5497.2
2695,4,429.0,3575.0
2699,3,298.0,4656.25
2700,3,280.0,4320.99
2703,5,445.0,2828.99
2710,3,385.825,6100.0
2714,3,310.0,4769.23
2717,4,239.9,2527.92
2729,4,768.2,4589.01
2733,3,295.0,6145.83
2734,3,318.0,4575.54
2735,3,315.0,5250.0
2737,3,380.0,5671.64
2738,3,265.0,5602.54
2739,3,288.44599999999997,5965.79
2740,3,345.0,4617.86
2744,3,335.0,5209.95
2748,3,199.0,2894.55
2750,3,297.0,5823.53
2754,3,330.19300000000004,6100.0
2757,4,480.0,5000.0
2758,3,349.0,5629.03
2761,3,324.0,4764.71
2765,3,278.0,4680.13
2766,4,448.185,5507.99
2767,3,243.0,3796.88
2768,3,338.8,5600.0
2774,3,320.0,5000.0
2779,4,495.0,3807.69
2780,3,240.0,3809.52
2782,4,333.0,5203.12
2786,4,449.0,3620.97
2787,3,298.0,4634.53
2794,4,513.5,5705.56
2796,3,419.0,4604.4
2797,3,416.42400000000004,6068.55
2802,4,443.967,5722.7
2803,3,424.958,5902.19
2805,3,375.0,4120.88
2816,3,245.0,5104.17
2819,3,327.0,5369.46
2826,3,359.0,5771.7
2830,3,364.695,6150.0
2832,3,320.0,6037.74
2833,3,321.845,5900.0
2834,3,326.76099999999997,6050.01
2835,4,449.0,3483.32
2841,3,305.0,4552.24
2845,4,369.0,3967.74
2850,3,325.0,4220.78
2852,3,319.0,4430.56
2855,3,321.0,5629.6
2856,4,349.0,4847.22
2858,3,389.0,5058.52
2862,3,389.0,5557.14
2863,3,309.0,4828.12
2864,4,419.0,5237.5
2868,3,303.08299999999997,5900.0
2872,4,350.0,4375.0
2875,3,258.0,4867.92
2876,3,254.5,5346.64
2879,3,308.611,5965.8
2886,4,334.97900000000004,4593.16
2888,4,350.0,4729.73
2889,4,319.0,5071.54
2892,3,339.0,5215.38
2893,3,245.0,5072.46
2898,5,690.0,5149.25
2900,4,470.996,5902.21
2901,3,324.0,4764.71
2903,3,219.99900000000002,4662.97
2905,5,475.0,4318.18
2906,3,385.825,6100.0
2907,3,210.0,4375.0
2909,3,365.0,4802.63
2916,3,325.0,3651.69
2917,3,210.0,4458.6
2920,3,290.0,4461.54
2924,3,289.0,5452.83
2927,3,324.668,5924.6
2929,3,303.779,5965.81
2932,4,269.0,4138.46
2933,4,320.0,4266.67
2935,3,245.0,3769.23
2936,3,279.0,4359.38
2937,3,255.0,5312.5
2938,4,755.0,5246.7
2941,3,290.0,5415.5
2942,4,338.921,6050.0
2943,3,580.0,6170.21
2954,3,329.0,5061.54
2956,3,308.611,5965.8
2957,3,299.0,4746.03
2960,3,459.0,5810.13
2963,3,348.57199999999995,5900.0
2965,5,699.0,5139.71
2966,3,320.0,5079.37
2970,3,384.395,5994.0
2972,3,289.0,5351.85
2973,3,299.0,5067.8
2979,3,330.0,5500.0
2980,3,279.0,5936.17
2983,3,319.985,6150.01
2988,4,380.0,4755.94
2989,3,270.0,5625.0
2990,3,315.0,4921.88
2991,3,210.0,3888.89
2994,3,401.695,5867.59
2995,3,280.0,4444.44
2999,4,289.0,4225.15
3002,3,374.73,5924.58
3007,3,309.0,4983.87
3010,3,278.0,4633.33
3011,3,308.0,5133.33
3012,3,325.0,4333.33
3013,3,319.0,6018.87
3020,3,305.44,4600.0
3021,3,427.086,5940.0
3023,4,467.651,5724.0
3033,3,326.64799999999997,5600.0
3035,3,330.0,5076.92
3041,3,404.99,5480.24
3047,3,231.041,5660.0
3048,4,304.51599999999996,4955.51
3053,4,305.0,4919.35
3059,5,377.0,5094.59
3060,3,334.06800000000004,6150.0
3061,3,335.0,4745.04
3063,3,330.0,5000.0
3064,4,300.0,3571.43
3066,4,465.0,5950.1
3067,3,330.38800000000003,5490.0
3072,3,255.0,5312.5
3074,3,387.05,6102.0
3079,3,310.0,4843.75
3086,4,611.619,5871.92
3088,4,340.0,4788.73
3093,3,319.0,4915.25
3097,3,299.0,5537.04
3098,4,359.9,3332.41
3104,3,402.0,5982.14
3105,3,415.515,5902.2
3106,3,242.0,4245.61
3111,3,299.0,5537.04
3115,3,355.0,3944.44
3119,3,296.56,5965.8
3120,5,470.0,3615.38
3121,3,409.0,3436.97
3123,4,319.999,4268.93
3124,3,293.778,5700.0
3131,4,349.9,5183.7
3132,3,270.0,4218.75
3134,3,279.0,4982.14
3139,3,357.0,6102.56
3140,3,328.60699999999997,6100.0
3145,3,394.48699999999997,6100.0
3147,3,329.0,5351.33
3148,3,290.0,3555.66
3149,3,265.0,5047.62
3150,4,405.0,5192.31
3151,3,380.0,3877.55
3153,3,350.0,4557.29
3156,3,429.0,5571.43
3158,3,275.0,5851.06
3159,4,409.0,4755.81
3164,3,340.0,5673.29
3165,4,570.0,4672.13
3167,3,369.0,4472.73
3169,3,279.0,5812.5
3170,4,450.0,4411.76
3173,3,405.0,3785.05
3178,3,397.0,4372.25
3179,3,268.693,4312.89
3180,3,334.06800000000004,6150.0
3181,3,247.705,5350.0
3182,4,1000.0,6199.63
3184,3,339.0,6108.11
3190,3,360.0,6122.45
3199,4,349.0,4847.22
3202,3,325.0,5327.87
3207,3,299.233,6050.0
3211,3,280.0,4307.69
3213,3,310.0,4776.58
3214,3,225.0,3308.82
3215,3,399.0,5391.89
3216,3,329.0,5351.33
3220,3,449.0,5612.5
3221,4,390.71,5660.0
3226,3,380.0,4810.13
3227,4,545.0,5561.22
3228,4,420.0,3925.23
3230,3,305.0,5545.45
3232,3,263.0,5977.27
3239,4,345.0,4058.82
3244,3,299.0,5230.02
3246,3,308.0,4005.2
3247,3,324.0,4764.71
3249,3,333.994,6200.0
3250,3,312.362,6050.01
3258,4,287.0,3368.54
3260,3,263.0,4235.1
3263,3,305.0,3546.51
3273,3,319.985,6150.01
3275,3,273.0,3455.7
3276,3,330.0,5076.92
3278,3,270.0,4199.07
3282,4,298.0,3973.33
3284,3,305.0,4443.47
3285,4,349.0,5369.23
3287,5,549.0,3388.89
3288,4,316.0,4976.38
3289,3,441.37800000000004,6200.0
3290,4,315.0,4632.35
3294,3,259.0,4980.77
3296,3,355.61800000000005,5660.0
3297,3,350.0,4950.5
3299,4,349.0,4684.56
3305,4,599.0,4859.65
3307,4,569.0,5035.4
3308,3,368.43300000000005,5850.0
3312,3,304.964,5800.0
3313,4,513.5,5705.56
3318,4,385.0,3774.51
3323,3,254.5,4757.01
3329,3,339.0,5321.82
3330,4,358.787,5659.99
3333,3,355.0,3944.44
3334,3,337.0,5616.67
3335,3,285.0,4318.18
3337,3,352.923,6155.99
3345,3,318.828,5904.22
3346,3,349.0,5721.31
3348,4,379.0,4119.57
3350,5,399.0,4272.86
3351,4,726.73,5497.2
3352,3,359.0,4294.26
3353,3,250.0,4464.29
3357,3,290.0,5370.37
3364,3,334.92800000000005,6050.0
3366,3,310.693,5560.0
3374,3,351.0,5571.43
3377,3,529.0,4898.15
3378,3,292.518,6050.01
3380,3,465.0,5535.71
3381,3,488.0,4000.0
3382,3,289.0,4816.67
3385,4,350.0,4619.85
3388,3,199.9,3178.06
3389,4,370.0,2983.87
3391,3,364.57300000000004,6047.99
3404,3,520.0,4905.66
3405,3,319.0,4915.25
3406,3,349.0,6122.81
3409,3,319.0,4907.69
3411,5,650.0,5752.21
3421,4,380.0,3707.32
3423,4,334.63599999999997,4588.45
3425,3,309.0,5115.89
3426,3,320.698,5924.59
3429,4,289.0,3894.88
3434,3,223.0,4551.02
3439,3,369.0,4382.42
3442,5,690.0,5000.0
3444,4,338.921,6050.0
3445,3,225.0,4787.23
3446,3,315.0,4772.73
3448,3,335.64599999999996,5609.99
3450,3,289.0,4515.62
3451,3,350.0,3516.53
3453,4,334.755,4590.09
3456,3,260.0,4333.33
3457,4,479.0,4790.0
3459,3,260.0,5416.67
3461,3,298.0,4656.25
3462,3,320.0,5161.29
3463,3,299.0,5067.8
3464,4,299.0,3986.67
3470,3,240.0,5417.61
3474,3,399.0,4336.96
3476,4,545.0,4202.0
3479,3,392.176,6102.01
3481,3,285.0,4596.77
3482,5,435.0,4350.0
3483,3,354.413,5900.0
3485,3,499.0,5657.6
3486,3,329.0,5566.84
3488,4,349.0,4716.22
3489,4,349.0,5369.23
3491,3,280.8,4500.0
3499,3,320.0,6037.74
3500,3,298.0,4656.25
3501,4,459.0,5174.16
3507,3,369.0,5783.7
3508,3,446.0,5011.24
3510,3,354.656,5660.01
3513,3,245.0,4803.92
3515,3,255.0,5334.73
3516,3,296.0,3946.67
3517,4,408.0,4294.74
3519,3,340.0,6238.53
3520,3,330.19300000000004,6100.0
3521,3,279.0,5693.88
3524,3,450.0,4398.83
3526,3,279.0,4478.33
3528,3,299.0,5059.22
3530,3,370.0,5606.06
3537,3,359.0,6189.66
3538,4,419.0,4060.08
3540,4,499.0,4892.16
3541,3,535.0,6114.29
3544,3,310.0,4776.58
3547,4,360.0,4851.75
3551,3,316.994,5810.01
3552,3,310.0,4932.38
3555,3,340.0,4255.32
3556,4,414.736,5619.73
3557,3,460.0,5897.44
3558,3,417.36199999999997,6100.0
3559,3,428.405,5750.4
3560,3,399.0,4433.33
3561,3,277.119,5859.99
3562,4,385.0,3500.0
3564,4,466.25,6250.0
3566,3,359.0,5279.41
3567,3,389.0,5893.94
3570,3,273.0,4706.9
3573,4,319.0,4253.33
3575,4,489.74,4700.0
3576,3,325.0,4113.92
3581,4,330.0,4647.89
3583,3,340.0,5097.45
3584,3,179.0,3254.55
3588,3,465.0,4773.15
3589,3,285.0,4560.0
3593,5,950.0,5889.65
3598,3,339.0,5844.83
3601,3,279.0,5812.5
3602,4,462.392,5659.63
3604,3,320.0,5194.81
3611,3,393.0,5778.56
3612,5,650.0,4088.05
3613,4,370.0,5211.27
3620,3,439.0,5701.3
3622,3,320.0,5079.37
3623,3,199.0,4234.04
3628,5,920.0,4842.11
3629,3,399.0,5399.19
3630,3,396.077,6156.0
3631,4,254.0,3396.63
3632,4,750.0,5730.88
3633,4,490.0,4117.65
3634,3,320.0,5333.33
3636,3,298.0,6208.33
3639,4,420.0,4200.0
3640,3,239.0,5085.11
3644,3,350.0,5443.23
3646,3,300.0,4769.48
3649,3,298.0,4730.16
3654,4,396.115,5760.0
3656,4,498.0,5081.63
3659,3,299.0,3863.05
3660,3,285.0,5987.39
3664,3,229.0,4320.75
3666,3,265.0,5066.92
3669,4,549.0,6100.0
3670,3,300.0,4761.9
3679,3,210.0,3888.89
3682,3,296.0,5431.19
3683,3,285.0,5937.5
3685,3,410.0,3612.33
3686,5,420.0,4038.46
3692,3,350.0,4487.18
3702,4,406.25800000000004,5789.63
3708,4,335.0,5403.23
3712,3,344.101,6100.0
3715,3,354.0,5900.0
3717,3,305.0,4855.91
3718,3,355.0,4765.1
3720,4,394.0,3387.79
3723,3,289.0,6148.94
3726,3,233.0,2262.14
3727,3,360.0,5405.41
3730,3,340.0,5238.83
3731,3,340.51800000000003,5700.0
3737,3,323.0,5981.48
3739,3,310.0,4696.97
3746,3,319.0,4791.23
3747,4,249.0,3329.77
3748,3,255.0,3863.64
3749,3,213.0,3591.91
3751,4,385.0,4583.33
3752,4,520.0,5306.12
3755,3,290.0,5471.7
3759,3,315.0,5000.0
3764,4,568.0,6061.25
3770,4,419.0,5237.5
3772,4,369.0,3948.64
3774,4,462.472,6013.94
3775,3,325.0,5327.87
3777,3,269.0,5075.47
3779,3,255.0,5391.12
3785,6,499.0,4127.38
3787,3,309.0,4753.85
3791,3,279.0,4477.61
3794,3,315.0,4921.88
3795,3,299.0,4600.0
3796,3,320.0,4210.53
3797,3,159.0,2484.38
3800,3,370.0,4731.46
3803,3,394.48699999999997,6100.0
3804,4,369.0,5013.59
3806,4,398.0,4682.35
3807,3,469.0,5257.85
3811,4,327.0,4605.63
3815,4,594.0,4569.23
3817,4,479.0,4790.0
3819,4,299.0,4607.09
3821,3,300.0,4347.83
3822,3,385.0,4873.42
3823,4,436.464,5962.62
3824,3,205.0,4963.68
3827,3,450.0,4403.13
3835,4,699.0,4368.75
3840,3,250.0,5000.0
3844,10,320.0,2370.37
3845,4,399.0,3825.5
3846,3,324.043,5710.01
3847,3,269.0,3164.71
3851,4,359.0,4838.27
3852,4,730.0,5840.93
3853,5,330.0,3000.0
3854,3,295.0,5000.0
3856,4,299.0,4052.59
3857,3,515.0,5786.52
3859,3,310.0,4769.23
3864,4,475.0,4018.61
3872,4,492.23800000000006,5858.58
3875,4,355.0,5071.43
3877,5,690.0,5036.5
3878,4,420.0,3559.32
3885,3,335.0,5000.0
3887,4,380.0,3001.58
3890,4,421.829,5650.0
3892,3,409.0,5515.85
3893,4,338.283,5610.0
3899,3,284.0,3594.94
3900,4,796.0,5896.3
3901,3,273.0,4706.9
3903,4,409.5,5250.0
3907,3,389.0,5186.67
3908,4,310.0,3875.0
3909,3,280.0,3580.56
3913,3,370.0,5606.06
3916,3,416.105,5902.2
3923,3,439.0,6013.7
3929,3,299.9,4284.29
3932,4,338.921,6050.0
3934,3,354.0,6147.97
3935,4,484.131,6206.81
3939,3,417.53,6064.34
3940,4,449.0,5056.31
3942,4,482.92199999999997,5940.0
3943,3,250.0,6250.0
3944,3,269.0,5075.47
3946,3,259.0,5340.21
3948,3,275.0,5188.68
3952,3,385.0,5686.85
3956,3,241.2,4000.0
3963,4,390.0,2997.69
3965,4,410.0,3761.47
3967,4,459.24199999999996,5931.06
3970,3,385.0,5686.85
3973,3,265.0,4121.31
3977,3,289.0,6020.83
3980,3,435.0,5958.9
3982,3,400.11,6210.0
3987,3,419.0,5371.79
3989,4,325.0,4642.86
3993,3,290.0,5471.7
3995,3,338.87699999999995,4168.23
3999,4,356.63699999999994,5660.01
4002,3,315.198,5850.0
4009,3,229.0,4053.1
4013,4,359.0,5106.69
4017,3,296.56,5965.8
4019,4,323.0,4969.23
4024,4,662.78,6200.0
4030,3,327.916,5809.99
4031,3,325.0,4113.92
4033,3,419.0,5371.79
4036,4,350.0,4605.26
4037,3,349.0,5629.03
4045,4,508.45099999999996,6027.16
4048,3,245.0,5104.17
4050,3,289.0,4446.15
4053,3,350.0,4487.18
4054,3,344.0,5504.0
4056,3,255.0,5312.5
4057,7,520.0,4333.33
4061,4,415.86,5634.96
4068,5,328.0,4539.16
4069,3,275.0,4508.2
4070,3,275.0,5140.19
4077,4,349.9,5108.03
4078,4,404.91,4950.0
4079,4,420.0,3925.23
4081,4,749.0,5761.54
4082,3,298.0,4656.25
4083,3,440.0,5365.85
4085,4,510.0,4385.59
4087,3,305.0,4621.21
4088,3,246.1,5350.0
4095,3,328.63599999999997,6050.0
4096,3,299.0,5245.61
4105,3,255.0,3984.38
4106,3,249.0,3025.52
4108,3,398.0,5913.82
4117,3,474.0,6000.0
4118,3,260.0,4905.66
4120,3,289.0,3695.65
4123,4,347.0,4714.67
4124,3,219.0,4591.19
4125,3,373.0,6216.67
4126,3,448.0,4383.56
4127,5,595.0,4294.79
4131,3,399.0,4925.93
4132,3,359.0,6084.75
4133,3,335.0,4745.04
4144,3,332.162,6150.01
4147,5,449.0,4901.75
4151,3,299.0,4746.03
4152,3,286.83099999999996,6050.01
4154,3,295.0,5673.08
4157,3,298.0,4656.25
4158,4,361.152,5760.0
4161,3,450.0,5294.12
4163,3,340.464,6150.0
4171,3,305.0,4841.27
4172,4,345.0,3108.11
4176,3,362.6,5578.46
4177,4,499.0,4193.28
4183,4,599.0,5582.48
4185,3,285.0,5937.5
4186,4,239.0,3229.73
4195,3,375.63,5700.0
4202,5,530.0,5698.92
4205,3,396.0,5507.65
4207,3,345.0,6052.63
4209,3,295.0,4609.38
4212,3,439.0,3990.91
4213,3,299.0,5059.22
4214,4,369.0,4612.5
4216,3,345.0,4799.67
4217,3,300.0,5008.35
4221,4,438.525,4968.0
4222,3,334.509,4955.69
4223,5,595.0,4407.41
4224,3,325.0,5078.12
4225,4,670.0,5214.01
4227,3,330.0,5076.92
4230,3,315.0,4921.88
4231,3,199.0,3618.18
4233,4,395.0,3910.89
4234,3,281.313,6250.01
4235,3,298.0,4806.45
4236,3,364.695,6150.0
4237,3,324.0,4984.62
4242,3,269.0,4138.46
4243,3,323.91700000000003,6050.0
4244,3,390.0,4148.94
4247,3,325.0,5000.0
4255,3,298.526,5800.0
4257,3,274.994,5959.99
4259,3,278.0,4149.25
4261,3,319.0,5104.82
4268,3,388.369,5753.61
4270,3,265.0,4140.62
4273,3,439.154,5659.2
4274,4,416.5,5000.0
4277,3,430.0,5582.97
4278,3,370.0,4021.74
4279,4,450.0,5625.0
4290,3,312.442,6100.0
4299,4,477.36300000000006,5844.31
4300,3,343.0,5444.44
4306,3,295.0,4609.38
4311,3,358.765,6050.0
4313,3,295.068,5965.79
4316,5,470.0,3615.38
4317,4,455.0,5129.65
4324,3,424.85900000000004,5900.82
4328,4,330.0,5084.75
4333,3,337.0,5711.86
4336,3,299.0,3737.5
4338,3,347.875,6102.0
4340,3,400.0,5780.35
4342,4,217.7,2963.11
4345,5,800.0,5594.41
4346,4,319.0,3467.39
4347,3,560.0,5338.42
4348,3,280.0,5833.33
4350,4,380.0,3570.76
4351,3,352.691,5924.59
4353,3,274.0,4469.82
4356,3,279.0,5264.15
4358,3,325.0,5000.0
4359,3,347.645,5750.0
4361,3,390.0,5131.58
4362,4,350.0,3500.0
4363,4,330.0,4583.33
4365,3,350.0,5384.62
4366,3,319.0,4310.81
4369,4,318.0,4892.31
4372,3,350.0,4487.18
4376,3,337.0,5590.58
4379,3,404.0,5184.8
4380,4,470.0,4122.81
4385,4,450.0,5294.12
4388,4,370.0,3854.17
4390,5,328.0,4539.16
4391,3,325.0,5327.87
4392,3,325.0,5241.94
4394,3,315.0,5348.05
4395,3,311.76599999999996,5710.0
4402,3,365.0,3318.18
4403,3,311.76599999999996,5710.0
4407,4,349.0,4894.81
4410,4,314.0,4485.71
4411,3,343.04,5082.83
4414,3,325.0,5000.0
4418,3,289.0,4188.41
4419,3,344.0,5504.0
4421,4,470.0,4757.09
4422,3,278.0,4633.33
4429,3,285.0,5377.36
4430,3,385.0,5065.79
4434,3,250.0,5208.33
4436,3,360.0,5950.41
4439,3,350.0,4521.96
4442,3,289.0,4632.15
4444,3,335.0,5714.77
4445,3,279.0,5936.17
4447,4,450.0,5421.69
4450,3,399.0,4483.15
4451,4,372.0,2861.54
4452,3,338.0,4327.78
4457,3,289.0,4819.08
4461,3,325.0,5007.7
4462,3,299.0,4746.03
4467,3,315.0,4846.15
4473,3,379.0,3867.35
4476,3,350.0,3500.0
4479,3,550.0,5461.77
4480,4,399.0,5000.0
4483,3,360.0,4424.78
4486,3,315.0,3982.3
4487,3,308.94,6000.0
4488,3,282.686,5859.99
4492,3,308.611,5965.8
4494,5,690.0,5043.86
4495,3,455.0,4008.81
4496,5,800.0,5594.41
